V_gene,CDR3_sequence,J_gene,HLA_peptide
27,CASSPNGDRVFDQPQHF,1-5,EIYKRWII
9,CASSVVGDGRETQYF,2-5,EIYKRWII
9,CASSEGQGTTYEQYF,2-5,EIYKRWII
2,CASSEAATGRGNQPQHF,1-5,EIYKRWII
9,CASSVLHGRQETQYF,2-5,EIYKRWII
2,CASSPPMGRAEGYTF,1-2,EIYKRWII
7-9,CASSFLRLAGGRDEQFF,2-1,EIYKRWII
2,CASSENSLGRGLVKTQYF,2-5,EIYKRWII
7-8,CASSLLDGTRETQYF,2-5,EIYKRWII
9,CASSVAGDDRETQYF,2-5,EIYKRWII
2,CASSPLAVGKETQYF,2-5,EIYKRWII
27,CASSLSGRGATEAFF,1-1,EIYKRWII
7-3,CASSLMDRTEAFF,1-1,EIYKRWII
10-3,CAITDGNGPRIGYTF,1-2,EIYKRWII
29-1,CSVGAGLTWANYGYTF,1-2,EIYKRWII
7-2,CASSLPGQGRTPLHF,1-6,EIYKRWII
9,CASSVVGGGRTDTQYF,2-3,EIYKRWII
6-2/6-3,CASSWDTSRTEAFF,1-1,EIYKRWII
11-2,CASRTTSGGTDTQYF,2-3,EIYKRWII
9,CASSVAGDDRETQYF,2-5,EIYKRWII
20-1,CSARDSRLEWDTQYF,2-3,EIYKRWII
9,CASSVVGDTRETQYF,2-5,EIYKRWII
9,CASSVVGDSYNEQFF,2-1,EIYKRWII
9,CASSVVGDLRETQYF,2-5,EIYKRWII
9,CASSVASYNSPLHF,1-6,EIYKRWII
12-4,CASSLDSRGAFF,1-1,EIYKRWII
7-2,CASSLPSQGRTEAFF,1-1,EIYKRWII
13,CASSARDTLRGTGELFF,2-2,EIYKRWII
18,CASSPSGQGARTGELFF,2-2,EIYKRWII
4-1,CASSPAGSYTEAFF,1-1,EIYKRWII
7-2,CASSLTAGARVWQFF,2-1,EIYKRWII
29-1,CSVRQGYEQYF,2-7,EIYKRWII
9,CASSVLGGNYGYTF,1-2,EIYKRWII
6-2/6-3,CASSYLWGQYEQYF,2-7,EIYKRWII
12-3,CASSFLEDGYTF,1-2,EIYKRWII
11-2,CASRGLAGGDTQYF,2-3,EIYKRWII
9,CASSPRRGGPLQETQYF,2-5,EIYKRWII
5-1,CASSFLPSYEQYF,2-7,EIYKRWII
10-3,CAISADRVGYEQYF,2-7,EIYKRWII
2,CASSSGTGVPYTF,1-2,EIYKRWII
2,CASSELGNPNYGYTF,1-2,EIYKRWII
4-3,CASSQEYRATTDTQYF,2-3,EIYKRWII
4-3,CASSQGMFDYGYTF,1-2,EIYKRWII
7-3,CASSRLAGGTDTQYF,2-3,EIYKRWII
6-6,CASSYGGTEAFF,1-1,EIYKRWII
9,CASSVLGGRTGELFF,2-2,EIYKRWII
2,CASSEVGSKSRQGAYEQYF,2-7,EIYKRWII
9,CASSTPGRRTSNQPQHF,1-5,EIYKRWII
5-1,CASSLNGFRGDTEAFF,1-1,EIYKRWII
4-1,CASSQDRRDTYTYEQYF,2-7,EIYKRWII
9,CASSVDAGGELFF,2-2,EIYKRWII
7-8,CASSFQGERTEAFF,1-1,EIYKRWII
7-8,CASSLLGNTGELFF,2-2,EIYKRWII
14,CASSQDRRKQFF,2-1,EIYKRWII
6-1,CASSPLDGFRDEQFF,2-1,EIYKRWII
12-4,CASSSGPTRPQETQYF,2-5,EIYKRWII
10-2,CASSESILSYEQYF,2-7,EIYKRWII
3-1,CASSQEAGDSPQSTDTQYF,2-3,EIYKRWII
9,CASSPFTGVGQPQHF,1-5,EIYKRWII
4-1,CASSQTSASEQYF,2-7,EIYKRWII
4-1,CASSQWDTGNEQFF,2-1,EIYKRWII
3-1,CASRNRAAGRFRETQYF,2-5,EIYKRWII
5-1,CASSSAPDGRNTGELFF,2-2,EIYKRWII
2,CASKLAGQSLYNEQYFF,2-1,EIYKRWII
12-3,CASSPWDTRGEKLFF,1-4,EIYKRWII
20-1,CSARQGGNYEQYF,2-7,EIYKRWII
7-9,CASSLAPYSNYEQYF,2-7,EIYKRWII
11-2,CASSFQGNYEQYF,2-7,EIYKRWII
20-1,CSVDRGPTGELFF,2-2,EIYKRWII
28,CASSFLFRGRAGETQYF,2-5,EIYKRWII
28,CASSDSTGDSGANVLTF,2-6,EIYKRWII
14,CASSLDRETQYF,2-3,EIYKRWII
7-2,CASSLIPGNQPQHF,1-5,EIYKRWII
12-5,CASGLGRNQPQHF,1-5,EIYKRWII
7-8,CASSLDDGRRPLHF,1-6,EIYKRWII
7-2,CASSLPGQGRTEAFF,1-1,EIYKRWII
27,CASSFTGTGARTDTQYF,2-3,EIYKRWII
7-2,CASSLIPGNQPQHF,1-5,EIYKRWII
20-1,CSARLSYEQYF,2-7,EIYKRWII
2,CASSEASPGRSYGYTF,1-2,EIYKRWII
7-8,CASSMLDGGRDEQFF,2-1,EIYKRWII
20-1,CSARWDYEQYF,2-7,EIYKRWII
5-1,CASSPLTSGGARDTQYF,2-3,EIYKRWII
27,CASSPTGTGVRNTEAFF,1-1,EIYKRWII
20-1,CSARYSYEQYF,2-7,EIYKRWII
27,CASSLYPGVTEAFF,1-1,EIYKRWII
20-1,CSARENYEQYF,2-7,EIYKRWII
9,CASSVVGGGRTDTQYF,2-3,EIYKRWII
6-1,CASSGRLGLGTEAFF,1-1,EIYKRWII
6-2/6-3,CASSGSGGRTTEAFF,1-1,EIYKRWII
20-1,CSARENYEQYF,2-7,EIYKRWII
2,CASSEASPGRSYGYTF,1-2,EIYKRWII
5-1,CASSPLTSGGARDTQYF,2-3,EIYKRWII
20-1,CSARYSYEQYF,2-7,EIYKRWII
7-8,CASSLLDGTRDEQYF,2-7,EIYKRWII
23-1,CASSQSPTRLAGTPHNEQFF,2-1,EIYKRWII
5-5,CASSLDLNRERTGELFF,2-2,EIYKRWII
2,CASGGQGDRQPQHF,1-5,EIYKRWII
7-8,CASSLVEIRNEQFF,2-1,EIYKRWII
23-1,CASSQSPTRLAGTPHNEQFF,2-1,EIYKRWII
6-5,CASSYEVRTEAFF,1-1,EIYKRWII
2,CASSISERESYEQYF,2-7,EIYKRWII
6-1,CASSEILLRGAETQYF,2-5,EIYKRWII
9,CASSLVGDARETQYF,2-5,EIYKRWII
14,CASSPGVSQPQHF,1-5,EIYKRWII
9,CASSVVGDSRETQYF,2-5,EIYKRWII
9,CASSVVGDGRETQYF,2-5,EIYKRWII
7-8,CASSLQGERTEAFF,1-1,EIYKRWII
7-8,CASSLLNGQSSGNTIYF,1-3,EIYKRWII
7-8,CASSLLDAMRNEQFF,2-1,EIYKRWII
7-8,CASSFQGERTEAFF,1-1,EIYKRWII
9,CASSVLGGRTGELFF,2-2,EIYKRWII
7-9,CASSQGSGLLPGEQFF,2-1,EIYKRWII
7-8,CASSLLGNTGELFF,2-2,EIYKRWII
7-2,CASSSRGVRSLDTQYF,2-3,EIYKRWII
9,CASSTPGRRTSNQPQHF,1-5,EIYKRWII
3-1,CASRNRAAGRFRETQYF,2-5,EIYKRWII
5-4,CASSLPTALTGELFF,2-2,EIYKRWII
3-1,CAGRNRAAGRFRETQYF,2-2,EIYKRWII
3-1,CANRNRAAGRFRETQYF,2-2,EIYKRWII
7-2,CASSLIPGNQPQHF,1-5,EIYKRWII
12-5,CASGLGRNQPQHF,1-5,EIYKRWII
7-2,CASSLPGQGRTEAFF,1-1,EIYKRWII
7-3,CASSLLGSTDTQYF,2-3,EIYKRWII
7-8,CASSLDDGRRPLHF,1-6,EIYKRWII
7-3,CASSLIDGARDEQFF,2-1,EIYKRWII
27,CASSLSRDRNEQFF,2-1,EIYKRWII
29,CSGGPLETQYF,2-5,EIYKRWII
9,CASSVGGDARETQYF,2-5,EIYKRWII
2,CASSASTKDTQYF,2-3,EIYKRWII
21-1,CASSKEHRGTEDYEQYF,2-7,EIYKRWII
12-4,CASSFLTRQPQHF,1-5,EIYKRWII
12-4,CASSLGTEWGYDNTQYF,2-3,EIYKRWII
28,CASSYQPGGSGELFF,2-2,EIYKRWII
28,CASSLPPPGIKGELFF,2-2,EIYKRWII
7-8,CASSTLPGTPRNEQYF,2-7,EIYKRWII
9,CASSVGGDARETQYF,2-5,EIYKRWII
2,CASSASTKDTQYF,2-3,EIYKRWII
4-1,CASSQEPAQSSYEQYF,2-7,EIYKRWII
2,CASSVLAGLGNEQFF,2-1,FLKEKGGL
2,CASSVLAGHGNGQFF,2-1,FLKEKGGL
11-2,CASSLLAGLTDTQYF,2-3,FLKEKGGL
2,CASSVLAGLGNEQFF,2-1,FLKEKGGL
2,CASSVLAGLGNEQFF,2-1,FLKEKGGL
11-2,CASSLLAGLADTQYF,2-3,FLKEKGGL
14,CASSHSPGTSGSPGVTQYF,2-5,FLKEKGGL
27,CASSQGQGIALYGYTF,1-2,FLKEKGGL
4-3,CASSPNSGRVTGELFF,2-2,FLKEKGGL
27,CASSLGQGLVLSGYTF,1-2,FLKEKGGL
2,CASSELAGLGDTQYF,2-3,FLKEKGGL
20-1,CSARDRGRALNEQFF,2-1,FLKEKGGL
27,CASSFLHPSTEAFF,1-1,FLKEKGGL
6-1,CASRDFPSGGSYEQYF,2-7,FLKEKGGL
12-3,CASTYTGGAGGELFF,2-2,FLKEKGGL
20-1,CSAKDRLAYSYEQYF,2-7,FLKEKGGL
6-2/6-3,CASRYLRGEGAHPSNTEAFF,1-1,FLKEKGGL
9,CASSTLASGRYEQYF,2-7,FLKEKGGL
7-8,CASSPIEGLAKNIQYF,2-4,FLKEKGGL
9,CASSLMESVWVEQFF,2-1,FLKEKGGL
6-1,CASSEFGQGFYEQYF,2-7,FLKEKGGL
3-1,CASSQWGLPTDTQYF,2-3,FLKEKGGL
6-1,CASSEFPAGVYEQFF,2-1,FLKEKGGL
9,CASSLGQGTTYEQYF,2-7,FLKEKGGL
7-9,CASSPPSGDYEQFF,2-7,FLKEKGGL
9,CASSTLASGRYEQYF,2-7,FLKEKGGL
9,CASSPGEGGRYEQYF,2-7,FLKEKGGL
7-9,CASSLGDLYTGELFF,2-2,FLKEKGGL
6-2/6-3,CASSYLAGQGAPYSNQPQHF,1-5,FLKEKGGL
6-4,CASSDSGAGTPNGYTF,1-2,FLKEKGGL
12-3,CASSFTGENSPLHF,1-6,FLKEKGGL
29-1,CSVWTGEKHEAFF,1-1,FLKEKGGL
27,CASRVGQGVVGELFF,2-2,FLKEKGGL
25-1,CASGVLREAFF,1-1,FLKEKGGL
11-2,CASSLDHQAGHEQYF,2-7,FLKEKGGL
27,CASRVGQGVVGGLFF,2-2,FLKEKGGL
20-1,CSVYREIPEAFF,1-1,FLKEKGGL
6-5,CASSYQTGTGTYGYTF,1-2,FLKEKGGL
27,CASRVGQGVVGELFF,2-2,FLKEKGGL
28,CASSLLDRVREDTQYF,2-3,FLKEKGGL
25-1,CASGVLREAFF,1-1,FLKEKGGL
20-1,CSARDHLRANEKLFF,1-4,FLKEKGGL
30,CAWSSRDRVLGQSEQYF,2-7,FLKEKGGL
5-1,CASSLYSIGSGNTIYF,1-3,FLKEKGGL
27,CASSLLDRVREDTQYF,2-3,FLKEKGGL
6-5,CASSYQTGTGTYDHTF,1-2,FLKEKGGL
2,CASSELAGLGTEAFF,1-1,FLKEKGGL
5-6,CASSWGIGSQQETQYF,2-5,FLKEKGGL
11-2,CASSFTTSGTIPNEQFF,2-1,FLKEKGGL
28,CASSPRDRRTWNEQFF,1-4,FLKEKGGL
27,CASGIGQGIALRELFF,1-4,FLKEKGGL
2,CASSEFGAGVYEQYF,2-7,FLKEKGGL
5-6,CTSSAGTGSAQETQYF,2-5,FLKEKGGL
7-9,CASSLLAGLSYNEQFF,2-1,FLKEKGGL
20-1,CSARDFLADSTDTQYF,2-3,FLKEKGGL
6-6,CASRSTSGDRDTQYF,2-3,FLKEKGGL
11-2,CASSLIPGITGELFF,2-2,FLKEKGGL
3-1,CASSQEWSYEQYF,2-7,FLKEKGGL
6-1,CASSEFPAGVYEQFF,2-1,FLKEKGGL
28,CASTVARDGGELFF,2-2,FLKEKGGL
12-3,CASSYGLNTEAFF,1-1,FLKEKGGL
9,CASSTLASGRYEQYF,2-7,FLKEKGGL
9,CASSALSGRVSTDTQYF,2-3,FLKEKGGL
5-1,CASSPAGVGETQYF,2-5,FLKEKGGL
6-2/6-3,CASRYLRGEGAHPSNTEAFF,1-1,FLKEKGGL
6-1,CASSEFGQGFYEQYF,2-7,FLKEKGGL
6-1,CASSEFPAGVYEQFF,2-1,FLKEKGGL
19,CASSISGIGTGELFF,2-2,FLKEKGGL
9,CASSVDGFLVGYNEQFF,2-1,FLKEKGGL
7-9,CASSRAGADYNEQFF,2-1,FLKEKGGL
29,CSGPGPVLLGDQPQHF,1-5,FLKEKGGL
7-6,CASSLGTGGNQPQHF,1-5,FLKEKGGL
9,CASSLMESVWVEQFF,2-1,FLKEKGGL
6-1,CASRYLRGEGAHPSNTEAFF,1-1,FLKEKGGL
5-1,CASSLGLIYEQYF,2-7,FLKEKGGL
6-5,CASRNRPGQASYEQYF,2-7,FLKEKGGL
7-6,CASSQGSGILDSPLHF,1-6,FLKEKGGL
7-9,CASSLGDLYTGELFF,2-2,FLKEKGGL
7-2,CASSSLGGGRGINSPLHF,1-6,FLKEKGGL
4-3,CASSQGLGQGSYEQYF,2-7,FLKEKGGL
6-2/6-3,CASSYLAGQGAPYSNQPQHF,1-5,FLKEKGGL
7-9,CASSLGDLYTGELFF,2-2,FLKEKGGL
6-4,CASSDSGAGTPNGYTF,1-2,FLKEKGGL
6-2/6-3,CASSYLAGQGAPYSNQPQHF,1-5,FLKEKGGL
7-9,CASSLVPDTQYF,2-1,FLKEKGGL
7-9,CASSLAPGTSGSPYNEQFF,2-1,FLKEKGGL
14,CASSLGTGIANYGYTF,2-1,FLKEKGGL
14,CASSLGTGIANYGYTF,2-1,FLKEKGGL
24-1,CATKGTGLYNEQFF,2-1,FLKEKGGL
7-9,CASSLAPGTSGSPYNEQFF,2-1,FLKEKGGL
